"Marar","Marar","25.5392","86.5074","India","IN","IND","Bihār","","29368","1356773473"
"Santiago de Baney","Santiago de Baney","3.7000","8.9167","Equatorial Guinea","GQ","GNQ","Bioko Norte","","29366","1226687832"
"Vero Beach South","Vero Beach South","27.6132","-80.4163","United States","US","USA","Florida","","29365","1840073853"
"Bāglung","Baglung","28.2667","83.6000","Nepal","NP","NPL","Gaṇḍakī","","29360","1524266307"
"Orange","Orange","44.1383","4.8097","France","FR","FRA","Provence-Alpes-Côte d’Azur","","29357","1250367364"
"Fleming Island","Fleming Island","30.0988","-81.7124","United States","US","USA","Florida","","29351","1840038864"
"Didiéni","Didieni","13.8850","-8.0928","Mali","ML","MLI","Koulikoro","","29349","1466933959"
"Pilachikare","Pilachikare","12.0855","75.2545","India","IN","IND","Kerala","","29348","1356105014"
"Póvoa de Santa Iria","Povoa de Santa Iria","38.8562","-9.0685","Portugal","PT","PRT","Lisboa","","29348","1620229335"
"Glória do Goitá","Gloria do Goita","-7.9992","-35.2911","Brazil","BR","BRA","Pernambuco","minor","29347","1076540889"
"Ra’s al ‘Ayn","Ra's al `Ayn","36.8503","40.0706","Syria","SY","SYR","Al Ḩasakah","minor","29347","1760030804"
"Casma","Casma","-9.4742","-78.3106","Peru","PE","PER","Ancash","","29343","1604136455"
"Texarkana","Texarkana","33.4360","-93.9959","United States","US","USA","Arkansas","","29343","1840015708"
"Pattikonda","Pattikonda","15.4000","77.5167","India","IN","IND","Andhra Pradesh","","29342","1356859765"
"Nalakadoddi","Nalakadoddi","15.4000","77.5167","India","IN","IND","Andhra Pradesh","","29342","1356051863"
"Englewood","Englewood","40.8917","-73.9736","United States","US","USA","New Jersey","","29342","1840003546"
"Castelvetrano","Castelvetrano","37.6786","12.7917","Italy","IT","ITA","Sicilia","","29341","1380441707"
"Madang","Madang","-5.2248","145.7853","Papua New Guinea","PG","PNG","Madang","admin","29339","1598116558"
"Northeim","Northeim","51.7067","10.0011","Germany","DE","DEU","Lower Saxony","minor","29337","1276938853"
"Tönisvorst","Tonisvorst","51.3208","6.4931","Germany","DE","DEU","North Rhine-Westphalia","","29331","1276126819"
"Aralam","Aralam","11.9992","75.7640","India","IN","IND","Kerala","","29328","1356519348"
"Pignon","Pignon","19.3370","-72.1171","Haiti","HT","HTI","Nord","","29327","1332052953"
"Fountain","Fountain","38.6886","-104.6829","United States","US","USA","Colorado","","29327","1840020236"
"Shikharpur","Shikharpur","27.7467","85.5097","Nepal","NP","NPL","","","29318","1524315710"
"Mioveni","Mioveni","44.9569","24.9406","Romania","RO","ROU","Argeş","","29317","1642961342"
"Guotang","Guotang","23.8384","115.9201","China","CN","CHN","Guangdong","","29315","1156512586"
"Pitou","Pitou","23.8775","120.4706","Taiwan","TW","TWN","Changhua","","29314","1158054057"
"Hajdúböszörmény","Hajduboszormeny","47.6667","21.5167","Hungary","HU","HUN","Hajdú-Bihar","minor","29310","1348357188"
"Yōrō","Yoro","35.3084","136.5614","Japan","JP","JPN","Gifu","","29309","1392003218"
"Ski","Ski","59.7167","10.8333","Norway","NO","NOR","Viken","minor","29307","1578776384"
"Kirkwood","Kirkwood","38.5788","-90.4203","United States","US","USA","Missouri","","29302","1840008598"
"Fresnes","Fresnes","48.7550","2.3221","France","FR","FRA","Île-de-France","","29298","1250376205"
"Benhao","Benhao","18.6150","109.9310","China","CN","CHN","Hainan","","29295","1156834292"
"Swarzędz","Swarzedz","52.4083","17.0714","Poland","PL","POL","Wielkopolskie","","29295","1616602592"
"Emmen","Emmen","47.0772","8.3000","Switzerland","CH","CHE","Luzern","","29292","1756487266"
"Jacksonville","Jacksonville","34.8807","-92.1304","United States","US","USA","Arkansas","","29285","1840014633"
"Glenville","Glenville","42.8869","-73.9925","United States","US","USA","New York","","29284","1840058129"
"Carmona","Carmona","37.4667","-5.6333","Spain","ES","ESP","Andalusia","","29279","1724616347"
"Harrison","Harrison","41.0236","-73.7193","United States","US","USA","New York","","29279","1840004931"
"San Rafael","San Rafael","20.1889","-96.8658","Mexico","MX","MEX","Veracruz","minor","29277","1484480100"
"Shuangtian","Shuangtian","22.8640","114.5443","China","CN","CHN","Guangdong","","29276","1156939315"
"Namaacha","Namaacha","-25.9667","32.0333","Mozambique","MZ","MOZ","Maputo","","29272","1508141495"
"Khunti","Khunti","23.0810","85.2774","India","IN","IND","Jhārkhand","","29271","1356123961"
"Licab","Licab","15.5400","120.7619","Philippines","PH","PHL","Nueva Ecija","","29269","1608362580"
"Shibushi","Shibushi","31.4772","131.1000","Japan","JP","JPN","Kagoshima","","29267","1392003073"
"Cocula","Cocula","20.3900","-103.8200","Mexico","MX","MEX","Jalisco","minor","29267","1484453255"
"Oslob","Oslob","9.5500","123.4000","Philippines","PH","PHL","Cebu","","29264","1608302642"
"Rasrā","Rasra","25.8500","83.8500","India","IN","IND","Uttar Pradesh","","29263","1356103379"
"Geislingen an der Steige","Geislingen an der Steige","48.6244","9.8306","Germany","DE","DEU","Baden-Württemberg","","29261","1276183243"
"Garaimāri","Garaimari","24.0217","88.6263","India","IN","IND","Bihār","","29260","1356122000"
"Springe","Springe","52.2167","9.5500","Germany","DE","DEU","Lower Saxony","","29258","1276257894"
"McCandless","McCandless","40.5836","-80.0283","United States","US","USA","Pennsylvania","","29258","1840148208"
"Quivicán","Quivican","22.8247","-82.3558","Cuba","CU","CUB","Mayabeque","minor","29253","1192492613"
"Paratinga","Paratinga","-12.6908","-43.1839","Brazil","BR","BRA","Bahia","minor","29252","1076218209"
"Cachoeira","Cachoeira","-12.6178","-38.9558","Brazil","BR","BRA","Bahia","minor","29250","1076370546"
"Clarksburg","Clarksburg","39.2246","-77.2659","United States","US","USA","Maryland","","29246","1840005830"
"Dildārnagar","Dildarnagar","25.4309","83.6665","India","IN","IND","Uttar Pradesh","","29242","1356868786"
"Lepe","Lepe","37.2542","-7.2033","Spain","ES","ESP","Andalusia","","29241","1724165295"
"Villiers-le-Bel","Villiers-le-Bel","49.0094","2.3911","France","FR","FRA","Île-de-France","","29238","1250001397"
"Bromsgrove","Bromsgrove","52.3353","-2.0592","United Kingdom","GB","GBR","Worcestershire","","29237","1826356095"
"Kōshū","Koshu","35.7043","138.7294","Japan","JP","JPN","Yamanashi","","29237","1392003139"
"Udaipur","Udaipur","27.7289","75.4716","India","IN","IND","Rājasthān","","29236","1356373349"
"Fandriana","Fandriana","-20.2296","47.3745","Madagascar","MG","MDG","Fianarantsoa","","29232","1450916986"
"Ternivka","Ternivka","48.5167","36.0000","Ukraine","UA","UKR","Dnipropetrovska Oblast","minor","29226","1804507506"
"Actopan","Actopan","20.2681","-98.9442","Mexico","MX","MEX","Hidalgo","","29223","1484903562"
"Capitán Bermúdez","Capitan Bermudez","-32.8167","-60.7167","Argentina","AR","ARG","Santa Fe","","29218","1032901343"
"Maddagiri","Maddagiri","13.6600","77.2100","India","IN","IND","Karnātaka","","29215","1356747611"
"Babaeski","Babaeski","41.4325","27.0931","Turkey","TR","TUR","Kırklareli","minor","29215","1792082896"
"Bühl","Buhl","48.6953","8.1350","Germany","DE","DEU","Baden-Württemberg","","29214","1276639756"
"Tōmi","Tomi","36.3594","138.3304","Japan","JP","JPN","Nagano","","29213","1392003077"
"Fundão","Fundao","40.1333","-7.5000","Portugal","PT","PRT","Castelo Branco","minor","29213","1620544097"
"Cottica","Cottica","3.8542","-54.2281","Suriname","SR","SUR","Sipaliwini","","29210","1740371814"
"Dougabougou","Dougabougou","13.8186","-6.1189","Mali","ML","MLI","Ségou","","29208","1466208038"
"Rösrath","Rosrath","50.9000","7.1833","Germany","DE","DEU","North Rhine-Westphalia","","29206","1276492557"
"Beldānga","Beldanga","23.9300","88.2500","India","IN","IND","West Bengal","","29205","1356073095"
"Suisun City","Suisun City","38.2473","-122.0091","United States","US","USA","California","","29205","1840028115"
"Esmeralda","Esmeralda","21.8561","-78.1114","Cuba","CU","CUB","Camagüey","minor","29203","1192770557"
"Bulung’ur Shahri","Bulung'ur Shahri","39.7600","67.2700","Uzbekistan","UZ","UZB","Samarqand","minor","29200","1860452420"
"Poás","Poas","10.1060","-84.2475","Costa Rica","CR","CRI","Alajuela","","29199","1188859935"
"Redondela","Redondela","42.2833","-8.6167","Spain","ES","ESP","Galicia","","29192","1724657198"
"Ermont","Ermont","48.9922","2.2603","France","FR","FRA","Île-de-France","","29189","1250549360"
"Santa Cruz Cabrália","Santa Cruz Cabralia","-16.2778","-39.0250","Brazil","BR","BRA","Bahia","minor","29185","1076118882"
"Poona-Piagapo","Poona-Piagapo","8.0800","124.0800","Philippines","PH","PHL","Lanao del Norte","","29183","1608243882"
"Nola","Nola","3.5333","16.0667","Central African Republic","CF","CAF","Sangha-Mbaéré","admin","29181","1140236347"
"Arniquet","Arniquet","18.1463","-73.8750","Haiti","HT","HTI","Sud","","29180","1332082768"
"La Source","La Source","18.0714","-73.9006","Haiti","HT","HTI","Sud","","29180","1332280307"
"Alegre","Alegre","-20.7639","-41.5328","Brazil","BR","BRA","Espírito Santo","minor","29177","1076514864"
"Aipe","Aipe","3.2167","-75.2333","Colombia","CO","COL","Huila","minor","29177","1170334427"
"Changzhi","Changzhi","22.6833","120.5333","Taiwan","TW","TWN","Pingtung","","29177","1158049266"
"Irará","Irara","-12.0500","-38.7667","Brazil","BR","BRA","Bahia","minor","29173","1076945010"
"San Fernando","San Fernando","24.8504","-98.1600","Mexico","MX","MEX","Tamaulipas","minor","29171","1484830415"
"Oktyabr’sk","Oktyabr'sk","49.4556","57.4161","Kazakhstan","KZ","KAZ","Aqtöbe","minor","29169","1398394723"
"Ath","Ath","50.6167","3.7667","Belgium","BE","BEL","Wallonia","minor","29164","1056512490"
"Lacey","Lacey","39.8564","-74.2624","United States","US","USA","New Jersey","","29164","1840081603"
"Statesville","Statesville","35.7842","-80.8713","United States","US","USA","North Carolina","","29161","1840015358"
"Blankenfelde","Blankenfelde","52.3500","13.4000","Germany","DE","DEU","Brandenburg","","29159","1276580790"
"Queensbury","Queensbury","43.3568","-73.6765","United States","US","USA","New York","","29155","1840058430"
"Nieuwkoop","Nieuwkoop","52.1833","4.7667","Netherlands","NL","NLD","Zuid-Holland","","29151","1528015076"
"Rāghopur","Raghopur","26.1785","86.0892","India","IN","IND","Bihār","","29149","1356027685"
"Hinunangan","Hinunangan","10.4000","125.2000","Philippines","PH","PHL","Southern Leyte","","29149","1608201687"
"Slobodskoy","Slobodskoy","58.7208","50.1850","Russia","RU","RUS","Kirovskaya Oblast’","minor","29148","1643784759"
"Sidi Allal el Bahraoui","Sidi Allal el Bahraoui","33.9830","-6.4170","Morocco","MA","MAR","Rabat-Salé-Kénitra","","29147","1504503519"
"Yehud","Yehud","32.0333","34.8833","Israel","IL","ISR","Central","","29146","1376760246"
"Losino-Petrovskiy","Losino-Petrovskiy","55.8744","38.2017","Russia","RU","RUS","Moskovskaya Oblast’","minor","29143","1643294187"
"East Palo Alto","East Palo Alto","37.4671","-122.1352","United States","US","USA","California","","29143","1840020301"
"Yomou","Yomou","7.5660","-9.2533","Guinea","GN","GIN","N’Zérékoré","minor","29138","1324839778"
"Ban Bang Khu Wat","Ban Bang Khu Wat","13.9576","100.4903","Thailand","TH","THA","Pathum Thani","","29138","1764948515"
"Gates","Gates","43.1514","-77.7130","United States","US","USA","New York","","29138","1840058119"
"Pallijkarani","Pallijkarani","12.9333","80.2022","India","IN","IND","Tamil Nādu","","29132","1356329874"
"Mahendragarh","Mahendragarh","28.2800","76.1500","India","IN","IND","Haryāna","","29128","1356201517"
"Whitehall","Whitehall","40.6571","-75.5046","United States","US","USA","Pennsylvania","","29128","1840147555"
"Riesa","Riesa","51.3081","13.2939","Germany","DE","DEU","Saxony","","29127","1276381687"
"Nakrekal","Nakrekal","17.1647","79.4275","India","IN","IND","Andhra Pradesh","","29126","1356926722"
"Takanezawa","Takanezawa","36.6310","139.9865","Japan","JP","JPN","Tochigi","","29123","1392003299"
"São Miguel do Iguaçu","Sao Miguel do Iguacu","-25.3478","-54.2378","Brazil","BR","BRA","Paraná","minor","29122","1076475965"
"Saalfeld","Saalfeld","50.6500","11.3667","Germany","DE","DEU","Thuringia","minor","29121","1276907261"
"Culemborg","Culemborg","51.9500","5.2333","Netherlands","NL","NLD","Gelderland","minor","29121","1528861210"
"Sopó","Sopo","4.9167","-73.9333","Colombia","CO","COL","Cundinamarca","minor","29120","1170179207"
"İncesu","Incesu","38.6222","35.1847","Turkey","TR","TUR","Kayseri","minor","29120","1792170018"
"San Cristóbal","San Cristobal","22.7169","-83.0511","Cuba","CU","CUB","Artemisa","minor","29119","1192301736"
"Moñitos","Monitos","9.2503","-76.1325","Colombia","CO","COL","Córdoba","minor","29117","1170797471"
"Primero de Enero","Primero de Enero","21.9453","-78.4189","Cuba","CU","CUB","Ciego de Ávila","minor","29117","1192846441"
"Sānkrāil","Sankrail","22.5583","88.2278","India","IN","IND","West Bengal","","29114","1356477305"
"Ozumba","Ozumba","19.0392","-98.7936","Mexico","MX","MEX","México","minor","29114","1484458348"
"Viacha","Viacha","-16.6533","-68.3017","Bolivia","BO","BOL","La Paz","","29108","1068833754"
"Xiaobazi","Xiaobazi","27.3330","105.5099","China","CN","CHN","Guizhou","","29108","1156850268"
"Kelkheim (Taunus)","Kelkheim (Taunus)","50.1378","8.4497","Germany","DE","DEU","Hesse","","29106","1276386467"
"Desenzano del Garda","Desenzano del Garda","45.4689","10.5350","Italy","IT","ITA","Lombardy","","29106","1380888752"
"Colgong","Colgong","25.2633","87.2326","India","IN","IND","Bihār","","29104","1356541852"
"Asipovichy","Asipovichy","53.2933","28.4756","Belarus","BY","BLR","Mahilyowskaya Voblasts’","minor","29103","1112583247"
"Rapallo","Rapallo","44.3500","9.2333","Italy","IT","ITA","Liguria","","29103","1380678273"
"Cambuslang","Cambuslang","55.8190","-4.1671","United Kingdom","GB","GBR","South Lanarkshire","","29100","1826755066"
"Şūrān","Suran","35.2919","36.7485","Syria","SY","SYR","Ḩamāh","minor","29100","1760512352"
"Budaka","Budaka","1.0167","33.9450","Uganda","UG","UGA","Tororo","","29100","1800999808"
"Sherobod","Sherobod","37.6667","67.0000","Uzbekistan","UZ","UZB","Surxondaryo","","29100","1860350024"
"Madīnat Zāyid","Madinat Zayid","23.6522","53.6536","United Arab Emirates","AE","ARE","Abū Z̧aby","","29095","1784810704"
"Pālpā","Palpa","27.8667","83.5500","Nepal","NP","NPL","","","29095","1524400922"
"Boyabat","Boyabat","41.4653","34.7708","Turkey","TR","TUR","Sinop","minor","29093","1792072042"
"Mehlville","Mehlville","38.5018","-90.3149","United States","US","USA","Missouri","","29089","1840006120"
"Sonāmukhi","Sonamukhi","23.3000","87.4200","India","IN","IND","West Bengal","","29085","1356334677"
"Kālappatti","Kalappatti","11.0794","77.0371","India","IN","IND","Tamil Nādu","","29084","1356160168"
"Zhongwangzhuang","Zhongwangzhuang","38.0333","115.2667","China","CN","CHN","Hebei","","29079","1156030876"
"Easton","Easton","40.6858","-75.2209","United States","US","USA","Pennsylvania","","29079","1840000970"
"Alushta","Alushta","44.6672","34.3978","Ukraine","UA","UKR","Krym, Avtonomna Respublika","","29078","1804773543"
"Sexmoan","Sexmoan","14.9360","120.6230","Philippines","PH","PHL","Pampanga","","29076","1608694965"
"Heswall","Heswall","53.3280","-3.0990","United Kingdom","GB","GBR","Wirral","","29075","1826689320"
"Sachse","Sachse","32.9726","-96.5793","United States","US","USA","Texas","","29075","1840020712"
"Stoughton","Stoughton","42.1192","-71.1019","United States","US","USA","Massachusetts","","29074","1840053558"
"Bella Vista","Bella Vista","-28.4667","-59.0500","Argentina","AR","ARG","Corrientes","minor","29071","1032181684"
"Chili","Chili","43.0845","-77.7541","United States","US","USA","New York","","29070","1840087304"
"Teapa","Teapa","17.5483","-92.9530","Mexico","MX","MEX","Tabasco","minor","29068","1484729901"
"Marigliano","Marigliano","40.9333","14.4500","Italy","IT","ITA","Campania","","29067","1380237063"
"Boxmeer","Boxmeer","51.6483","5.9444","Netherlands","NL","NLD","Noord-Brabant","minor","29065","1528624004"
"East Lake-Orient Park","East Lake-Orient Park","27.9970","-82.3653","United States","US","USA","Florida","","29064","1840073826"
"Pont-y-pŵl","Pont-y-pwl","51.7030","-3.0410","United Kingdom","GB","GBR","Torfaen","","29062","1826931206"
"Kitui","Kitui","-1.3667","38.0167","Kenya","KE","KEN","Kitui","admin","29062","1404548296"
"Paripiranga","Paripiranga","-10.6875","-37.8617","Brazil","BR","BRA","Bahia","minor","29058","1076083044"
"Russellville","Russellville","35.2762","-93.1383","United States","US","USA","Arkansas","","29057","1840014541"
"Vattalkundu","Vattalkundu","10.1630","77.7580","India","IN","IND","Tamil Nādu","","29054","1356020072"
"Catandica","Catandica","-18.0564","33.1747","Mozambique","MZ","MOZ","Manica","","29052","1508992783"
"Meißen","Meissen","51.1667","13.4833","Germany","DE","DEU","Saxony","minor","29051","1276054483"
"Shiqiao","Shiqiao","34.1418","105.1214","China","CN","CHN","Gansu","","29050","1156600992"
"Uttamapālaiyam","Uttamapalaiyam","9.8000","77.3333","India","IN","IND","Tamil Nādu","","29050","1356877367"
"Mirandópolis","Mirandopolis","-21.1336","-51.1017","Brazil","BR","BRA","São Paulo","minor","29043","1076193094"
"Sendjas","Sendjas","36.0667","1.4000","Algeria","DZ","DZA","Chlef","","29043","1012568424"
"Lugus","Lugus","5.7000","120.8200","Philippines","PH","PHL","Sulu","","29043","1608911835"
"Santo Domingo","Santo Domingo","17.6414","120.4108","Philippines","PH","PHL","Ilocos Sur","","29041","1608638724"
"Sotteville-lès-Rouen","Sotteville-les-Rouen","49.4092","1.0900","France","FR","FRA","Normandie","","29039","1250313503"
"Emmendingen","Emmendingen","48.1214","7.8492","Germany","DE","DEU","Baden-Württemberg","minor","29035","1276708263"
"Deodrug","Deodrug","16.4167","76.9341","India","IN","IND","Karnātaka","","29032","1356079708"
"Johi","Johi","26.6921","67.6133","Pakistan","PK","PAK","Sindh","","29031","1586118124"
"Somotillo","Somotillo","13.0333","-86.9167","Nicaragua","NI","NIC","Chinandega","minor","29030","1558936840"
"Vallikunnam","Vallikunnam","9.1167","76.5333","India","IN","IND","Kerala","","29029","1356161268"
"Tocache Nuevo","Tocache Nuevo","-8.1889","-76.5139","Peru","PE","PER","San Martín","","29029","1604060187"
"Togitsu","Togitsu","32.8289","129.8486","Japan","JP","JPN","Nagasaki","","29025","1392037686"
"Kudat","Kudat","6.8837","116.8477","Malaysia","MY","MYS","Sabah","","29025","1458364098"
"Independence","Independence","38.9510","-84.5492","United States","US","USA","Kentucky","","29024","1840014267"
"Winterswijk","Winterswijk","51.9667","6.7167","Netherlands","NL","NLD","Gelderland","minor","29022","1528225916"
"San Marcos","San Marcos","11.9167","-86.2000","Nicaragua","NI","NIC","Carazo","minor","29019","1558544498"
"Benavente","Benavente","38.9833","-8.8167","Portugal","PT","PRT","Santarém","minor","29019","1620484545"
"Reforma","Reforma","17.8658","-93.1472","Mexico","MX","MEX","Chiapas","minor","29018","1484640217"
"San Javier","San Javier","-36.6000","-71.7500","Chile","CL","CHL","Maule","","29017","1152644283"
"Hendījān","Hendijan","30.2383","49.7075","Iran","IR","IRN","Khūzestān","minor","29015","1364511493"
"Ouled Haddaj","Ouled Haddaj","36.7200","3.3500","Algeria","DZ","DZA","Boumerdes","","29012","1012233665"
"Carmo do Paranaíba","Carmo do Paranaiba","-19.0008","-46.3158","Brazil","BR","BRA","Minas Gerais","minor","29011","1076039872"
"Pirri","Pirri","39.2458","9.1288","Italy","IT","ITA","Sardegna","","29011","1380546451"
"Ipubi","Ipubi","-7.6519","-40.1489","Brazil","BR","BRA","Pernambuco","minor","29009","1076834456"
"Vandiyūr","Vandiyur","9.9092","78.1609","India","IN","IND","Tamil Nādu","","29009","1356234558"
"Ponmana","Ponmana","9.0167","76.5167","India","IN","IND","Kerala","","29008","1356085524"
"Dapa","Dapa","9.7578","126.0528","Philippines","PH","PHL","Surigao del Norte","","29006","1608000744"
"Úrsulo Galván","Ursulo Galvan","19.4000","-96.3000","Mexico","MX","MEX","Veracruz","minor","29005","1484748710"
"Shaker Heights","Shaker Heights","41.4744","-81.5496","United States","US","USA","Ohio","","29004","1840003412"
"Abasolo","Abasolo","20.4500","-101.5170","Mexico","MX","MEX","Guanajuato","minor","29002","1484064616"
"Ahmer el ’Aïn","Ahmer el 'Ain","36.4781","2.5639","Algeria","DZ","DZA","Tipaza","","29000","1012730539"
"Ofaqim","Ofaqim","31.2833","34.6167","Israel","IL","ISR","Southern","","29000","1376992458"
"Sortöbe","Sortobe","42.8600","75.2300","Kazakhstan","KZ","KAZ","Zhambyl","","29000","1398173306"
"Senhora da Hora","Senhora da Hora","41.1856","-8.6508","Portugal","PT","PRT","Porto","","29000","1620553414"
"Timizart","Timizart","36.8000","4.2667","Algeria","DZ","DZA","Tizi Ouzou","","28996","1012767619"
"Gūdalūr","Gudalur","11.1455","76.9366","India","IN","IND","Tamil Nādu","","28995","1356104055"
"Câmpina","Campina","45.1300","25.7400","Romania","RO","ROU","Prahova","","28993","1642518120"
"Humansdorp","Humansdorp","-34.0333","24.7667","South Africa","ZA","ZAF","Eastern Cape","","28990","1710228362"
"Enterprise","Enterprise","31.3275","-85.8463","United States","US","USA","Alabama","","28990","1840001548"
"Hārij","Harij","23.7000","71.9000","India","IN","IND","Gujarāt","","28988","1356090746"
"Jeffersontown","Jeffersontown","38.2049","-85.5701","United States","US","USA","Kentucky","","28988","1840014311"
"Ystad","Ystad","55.4167","13.8167","Sweden","SE","SWE","Skåne","minor","28985","1752657171"
"Cervia","Cervia","44.2500","12.3667","Italy","IT","ITA","Emilia-Romagna","","28983","1380322591"
"La Dorada","La Dorada","0.3436","-76.9108","Colombia","CO","COL","Putumayo","minor","28982","1170206428"
"Great Yarmouth","Great Yarmouth","52.6078","1.7331","United Kingdom","GB","GBR","Norfolk","","28979","1826653059"
"Cruces","Cruces","22.3419","-80.2761","Cuba","CU","CUB","Cienfuegos","minor","28977","1192346254"
"Plachēri","Placheri","11.8361","76.1750","India","IN","IND","Kerala","","28970","1356314639"
"Germī","Germi","39.0297","48.0803","Iran","IR","IRN","Ardabīl","minor","28967","1364702813"
"Mount Olive","Mount Olive","40.8662","-74.7426","United States","US","USA","New Jersey","","28964","1840081727"
"Tosya","Tosya","41.0172","34.0383","Turkey","TR","TUR","Kastamonu","minor","28963","1792502805"
"Langley","Langley","49.0987","-122.6597","Canada","CA","CAN","British Columbia","","28963","1124000480"
"Ammi Moussa","Ammi Moussa","35.8667","1.1167","Algeria","DZ","DZA","Relizane","","28962","1012840754"
"Horki","Horki","54.2667","30.9833","Belarus","BY","BLR","Mahilyowskaya Voblasts’","minor","28961","1112565326"
"Kailāras","Kailaras","26.3050","77.6160","India","IN","IND","Madhya Pradesh","","28955","1356003552"
"Ḩawţat Sudayr","Hawtat Sudayr","25.5967","45.6274","Saudi Arabia","SA","SAU","Ar Riyāḑ","","28954","1682119312"
"Limoeiro de Anadia","Limoeiro de Anadia","-9.7406","-36.5028","Brazil","BR","BRA","Alagoas","minor","28953","1076445956"
"Hajira","Hajira","33.7717","73.8961","Pakistan","PK","PAK","Azad Kashmir","","28953","1586842312"
"Premiá de Mar","Premia de Mar","41.4919","2.3619","Spain","ES","ESP","Catalonia","","28951","1724296865"
"Tondela","Tondela","40.5164","-8.0808","Portugal","PT","PRT","Viseu","minor","28946","1620042884"
"Hakmana","Hakmana","6.0836","80.6445","Sri Lanka","LK","LKA","Southern","","28941","1144021831"
"Ampatuan","Ampatuan","6.8348","124.4581","Philippines","PH","PHL","Maguindanao","","28941","1608744041"
"Cártama","Cartama","36.7114","-4.6306","Spain","ES","ESP","Andalusia","","28934","1724807752"
"Humberto de Campos","Humberto de Campos","-2.5983","-43.4611","Brazil","BR","BRA","Maranhão","minor","28932","1076571149"
"Sibanicú","Sibanicu","21.2389","-77.5211","Cuba","CU","CUB","Camagüey","minor","28930","1192253284"
"Široki Brijeg","Siroki Brijeg","43.3667","17.5833","Bosnia and Herzegovina","BA","BIH","Bosnia and Herzegovina, Federation of","minor","28929","1070206343"
"Hanawa","Hanawa","40.2158","140.7884","Japan","JP","JPN","Akita","","28929","1392488669"
"Santo Niño","Santo Nino","14.5033","121.0031","Philippines","PH","PHL","Parañaque","","28925","1608225111"
"Pucón","Pucon","-39.2767","-71.9744","Chile","CL","CHL","Araucanía","","28923","1152377330"
"Fabriano","Fabriano","43.3386","12.9085","Italy","IT","ITA","Marche","","28918","1380375723"
"Siquijor","Siquijor","9.1800","123.5800","Philippines","PH","PHL","Siquijor","admin","28915","1608692949"
"Ban Phai","Ban Phai","16.0600","102.7310","Thailand","TH","THA","Khon Kaen","minor","28913","1764026556"
"Arfoud","Arfoud","31.4361","-4.2328","Morocco","MA","MAR","Drâa-Tafilalet","","28912","1504190665"
"Jimenez","Jimenez","8.3333","123.8333","Philippines","PH","PHL","Misamis Occidental","","28909","1608870263"
"La Calera","La Calera","4.7531","-73.9200","Colombia","CO","COL","Cundinamarca","minor","28908","1170042987"
"Perry Hall","Perry Hall","39.4068","-76.4780","United States","US","USA","Maryland","","28908","1840005686"
"Kuttuparamba","Kuttuparamba","11.8278","75.5659","India","IN","IND","Kerala","","28907","1356042076"
"Tabuelan","Tabuelan","10.8500","123.9000","Philippines","PH","PHL","Cebu","","28907","1608122773"
"Candelária","Candelaria","-29.6689","-52.7889","Brazil","BR","BRA","Rio Grande do Sul","minor","28906","1076542930"
"Ariyalūr","Ariyalur","11.1372","79.0778","India","IN","IND","Tamil Nādu","","28902","1356003043"
"Dalfsen","Dalfsen","52.5064","6.2606","Netherlands","NL","NLD","Overijssel","minor","28901","1528339087"
"Mechernich","Mechernich","50.6000","6.6500","Germany","DE","DEU","North Rhine-Westphalia","","28900","1276281325"
"Nāhan","Nahan","30.5500","77.3000","India","IN","IND","Himāchal Pradesh","","28899","1356417528"
"Bielawa","Bielawa","50.7000","16.6167","Poland","PL","POL","Dolnośląskie","","28896","1616721687"
"Três Marias","Tres Marias","-18.2058","-45.2419","Brazil","BR","BRA","Minas Gerais","minor","28895","1076622551"
"Coromandel","Coromandel","-18.4728","-47.2000","Brazil","BR","BRA","Minas Gerais","minor","28894","1076143235"
"Le Plessis-Robinson","Le Plessis-Robinson","48.7811","2.2633","France","FR","FRA","Île-de-France","","28893","1250572876"
"Tazmalt","Tazmalt","36.3844","4.3992","Algeria","DZ","DZA","Bouira","","28891","1012721096"
"Karippira","Karippira","8.9500","76.7167","India","IN","IND","Kerala","","28888","1356164160"
"Borzya","Borzya","50.3833","116.5167","Russia","RU","RUS","Zabaykal’skiy Kray","","28888","1643309577"
"Lādwa","Ladwa","29.9958","77.0400","India","IN","IND","Haryāna","","28887","1356043870"
"Arrentela","Arrentela","38.6267","-9.1036","Portugal","PT","PRT","Setúbal","","28886","1620242378"
"Gidri","Gidri","30.8461","75.8623","India","IN","IND","Punjab","","28884","1356025367"
"Grimsby","Grimsby","43.2000","-79.5500","Canada","CA","CAN","Ontario","","28883","1124989517"
"Ponot","Ponot","8.4428","123.0219","Philippines","PH","PHL","Zamboanga del Norte","","28881","1608607022"
"Munsan","Munsan","37.8529","126.7848","Korea, South","KR","KOR","Gyeonggi","","28880","1410851571"
"Maubeuge","Maubeuge","50.2775","3.9734","France","FR","FRA","Hauts-de-France","","28879","1250099699"
"Mondlo","Mondlo","-27.9670","30.7220","South Africa","ZA","ZAF","KwaZulu-Natal","","28871","1710353186"
"Carinhanha","Carinhanha","-14.3050","-43.7650","Brazil","BR","BRA","Bahia","minor","28869","1076985743"
"Welk’īt’ē","Welk'it'e","8.2833","37.7833","Ethiopia","ET","ETH","YeDebub Bihēroch Bihēreseboch na Hizboch","","28866","1231083511"
"Brodnica","Brodnica","53.2597","19.3956","Poland","PL","POL","Kujawsko-Pomorskie","minor","28865","1616831249"
"Santa Cruz das Palmeiras","Santa Cruz das Palmeiras","-21.8269","-47.2489","Brazil","BR","BRA","São Paulo","minor","28864","1076200565"
"Pokhrām","Pokhram","25.9358","86.1974","India","IN","IND","Bihār","","28861","1356518614"
"Baleno","Baleno","12.4739","123.4982","Philippines","PH","PHL","Masbate","","28855","1608892797"
"Lake in the Hills","Lake in the Hills","42.1913","-88.3477","United States","US","USA","Illinois","","28853","1840011129"
"Mathba","Mathba","22.2862","89.9588","Bangladesh","BD","BGD","Barishal","","28851","1050564750"
"Woodley","Woodley","51.4530","-0.9020","United Kingdom","GB","GBR","Wokingham","","28848","1826133609"
"Thabazimbi","Thabazimbi","-24.6000","27.4000","South Africa","ZA","ZAF","Limpopo","","28847","1710123508"
"Piracuruca","Piracuruca","-3.9278","-41.7089","Brazil","BR","BRA","Piauí","minor","28846","1076504082"
"Izegem","Izegem","50.9167","3.2000","Belgium","BE","BEL","Flanders","","28845","1056662336"
"Rehoboth","Rehoboth","-23.3167","17.0833","Namibia","NA","NAM","Hardap","","28843","1516928100"
"Kūdligi","Kudligi","14.9050","76.3853","India","IN","IND","Karnātaka","","28840","1356159023"
"Vīrapāndi","Virapandi","11.0625","77.3508","India","IN","IND","Tamil Nādu","","28839","1356165597"
"Vícar","Vicar","36.8317","-2.6431","Spain","ES","ESP","Andalusia","","28835","1724429496"
"Śrem","Srem","52.0886","17.0147","Poland","PL","POL","Wielkopolskie","minor","28835","1616734639"
"Greenville","Greenville","33.3850","-91.0514","United States","US","USA","Mississippi","","28833","1840013759"
"Duzhuang","Duzhuang","39.9867","119.5409","China","CN","CHN","Hebei","","28831","1156202283"
"Labinsk","Labinsk","44.6333","40.7333","Russia","RU","RUS","Krasnodarskiy Kray","minor","28831","1643209545"
"Ibaiti","Ibaiti","-23.8489","-50.1878","Brazil","BR","BRA","Paraná","minor","28830","1076065226"
"Las Rosas","Las Rosas","16.3667","-92.3500","Mexico","MX","MEX","Chiapas","minor","28829","1484866090"
"Kodumur","Kodumur","15.6833","77.7833","India","IN","IND","Andhra Pradesh","","28828","1356171101"
"Caetés","Caetes","-8.7728","-36.6228","Brazil","BR","BRA","Pernambuco","minor","28827","1076875758"
"Caicedonia","Caicedonia","4.3333","-75.8333","Colombia","CO","COL","Valle del Cauca","minor","28825","1170729476"
"Takahashi","Takahashi","34.7914","133.6164","Japan","JP","JPN","Okayama","","28825","1392003457"
"Babatngon","Babatngon","11.4207","124.8434","Philippines","PH","PHL","Leyte","","28823","1608546355"
"Hirado","Hirado","33.3681","129.5536","Japan","JP","JPN","Nagasaki","minor","28822","1392812578"
"Burbank","Burbank","41.7444","-87.7686","United States","US","USA","Illinois","","28822","1840007022"
"Gusev","Gusev","54.5833","22.2000","Russia","RU","RUS","Kaliningradskaya Oblast’","minor","28820","1643116529"
"San Lucas Sacatepéquez","San Lucas Sacatepequez","14.6167","-90.6500","Guatemala","GT","GTM","Sacatepéquez","minor","28819","1320964594"
"Narsimlāpet","Narsimlapet","17.5100","79.8044","India","IN","IND","Andhra Pradesh","","28819","1356043611"
"Curridabat","Curridabat","9.9160","-84.0348","Costa Rica","CR","CRI","San José","","28817","1188145799"
"Kamphaeng Phet","Kamphaeng Phet","16.4811","99.5222","Thailand","TH","THA","Kamphaeng Phet","admin","28817","1764367755"
"Kamalāpuram","Kamalapuram","15.3044","76.4765","India","IN","IND","Karnātaka","","28815","1356476518"
"Garupá","Garupa","-27.4833","-55.8333","Argentina","AR","ARG","Misiones","","28814","1032468152"
"Vihti","Vihti","60.4167","24.3167","Finland","FI","FIN","Uusimaa","","28811","1246687261"
"Roseaux","Roseaux","18.6006","-74.0195","Haiti","HT","HTI","Grand’Anse","","28811","1332874884"
"Yoshida","Yoshida","34.7667","138.2500","Japan","JP","JPN","Shizuoka","","28811","1392003313"
"Asago","Asago","35.3333","134.8500","Japan","JP","JPN","Hyōgo","","28802","1392003122"
"Tarawa","Tarawa","1.3382","173.0176","Kiribati","KI","KIR","","primary","28802","1296152641"
"Pingdeng","Pingdeng","26.0564","109.9239","China","CN","CHN","Guangxi","","28800","1156048779"
"Candelaria","Candelaria","28.3547","-16.3711","Spain","ES","ESP","Canary Islands","","28795","1724124128"
"Ponmala","Ponmala","11.0221","76.0432","India","IN","IND","Kerala","","28795","1356456939"
"Landhaura","Landhaura","29.8200","77.9300","India","IN","IND","Uttarākhand","","28786","1356731751"
"Metu","Metu","8.3000","35.5833","Ethiopia","ET","ETH","Oromīya","","28782","1231361169"
"Acatenango","Acatenango","14.5544","-90.9439","Guatemala","GT","GTM","Chimaltenango","minor","28780","1320527035"
"Artëmovskiy","Artemovskiy","57.3564","61.8711","Russia","RU","RUS","Sverdlovskaya Oblast’","minor","28775","1643010530"
"Manatí","Manati","21.3144","-76.9378","Cuba","CU","CUB","Las Tunas","minor","28773","1192167066"
"Hanwell","Hanwell","51.5090","-0.3380","United Kingdom","GB","GBR","Ealing","","28768","1826742619"
"Golden Gate","Golden Gate","26.1844","-81.7031","United States","US","USA","Florida","","28767","1840014228"
"Stanford le Hope","Stanford le Hope","51.5140","0.4244","United Kingdom","GB","GBR","Thurrock","","28765","1826848098"
"Zighout Youcef","Zighout Youcef","36.5333","6.7167","Algeria","DZ","DZA","Constantine","","28764","1012501273"
"Converse","Converse","29.5091","-98.3084","United States","US","USA","Texas","","28764","1840019655"
"Umrat","Umrat","21.1152","72.8570","India","IN","IND","","","28761","1356063893"
"Misilmeri","Misilmeri","38.0333","13.4500","Italy","IT","ITA","Sicilia","","28760","1380249040"
"Charenton-le-Pont","Charenton-le-Pont","48.8265","2.4050","France","FR","FRA","Île-de-France","","28756","1250389807"
"Maddūr","Maddur","12.5849","77.0500","India","IN","IND","Karnātaka","","28754","1356162019"
"Pilón","Pilon","19.9053","-77.3208","Cuba","CU","CUB","Granma","minor","28752","1192113201"
"Höxter","Hoxter","51.7667","9.3667","Germany","DE","DEU","North Rhine-Westphalia","minor","28749","1276004976"
"Marks","Marks","51.7167","46.7500","Russia","RU","RUS","Saratovskaya Oblast’","","28749","1643304163"
"Zhonghechang","Zhonghechang","27.8886","107.2531","China","CN","CHN","Guizhou","","28745","1156256442"
"Kikinda","Kikinda","45.8333","20.4500","Serbia","RS","SRB","Kikinda","admin","28743","1688358284"
"Carauari","Carauari","-4.8828","-66.8958","Brazil","BR","BRA","Amazonas","minor","28742","1076358416"
"Nongstoin","Nongstoin","25.5200","91.2700","India","IN","IND","Meghālaya","","28742","1356690668"
"Twentynine Palms","Twentynine Palms","34.1478","-116.0659","United States","US","USA","California","","28738","1840021729"
"Villanueva","Villanueva","10.6000","-72.9833","Colombia","CO","COL","La Guajira","minor","28736","1170525155"
"Sabaa Aiyoun","Sabaa Aiyoun","33.9000","-5.3667","Morocco","MA","MAR","Fès-Meknès","","28736","1504462212"
"Rāikot","Raikot","30.6500","75.6000","India","IN","IND","Punjab","","28734","1356216914"
"Kaïs","Kais","35.4947","6.9242","Algeria","DZ","DZA","Khenchela","","28724","1012754893"
"Tanglou","Tanglou","22.2272","110.8630","China","CN","CHN","Guangdong","","28718","1156311977"
"Tantoucun","Tantoucun","22.1888","110.8710","China","CN","CHN","Guangdong","","28718","1156554623"
"Maki","Maki","37.7605","138.8893","Japan","JP","JPN","Niigata","","28713","1392605980"
"Chahe","Chahe","27.1694","105.3792","China","CN","CHN","Guizhou","","28711","1156073525"
"Schwelm","Schwelm","51.2667","7.2667","Germany","DE","DEU","North Rhine-Westphalia","minor","28711","1276363762"
"Andoharanomaitso","Andoharanomaitso","-21.4738","46.9628","Madagascar","MG","MDG","Fianarantsoa","","28708","1450341443"
"Muritiba","Muritiba","-12.6258","-38.9900","Brazil","BR","BRA","Bahia","minor","28707","1076695612"
"San Pedro del Pinatar","San Pedro del Pinatar","37.8167","-0.7500","Spain","ES","ESP","Murcia","","28706","1724144996"
"Camas","Camas","37.4000","-6.0333","Spain","ES","ESP","Andalusia","","28705","1724068126"
"Ballymena","Ballymena","54.8600","-6.2800","United Kingdom","GB","GBR","Mid and East Antrim","","28704","1826020355"
"Krotoszyn","Krotoszyn","51.6833","17.4333","Poland","PL","POL","Wielkopolskie","minor","28704","1616105817"
"Tibiao","Tibiao","11.2892","122.0342","Philippines","PH","PHL","Antique","","28703","1608615251"
"Paraparaumu","Paraparaumu","-40.9144","175.0056","New Zealand","NZ","NZL","Wellington","","28701","1554166459"
"Mabini","Mabini","9.8650","124.5230","Philippines","PH","PHL","Bohol","","28701","1608176606"
"Pakwach","Pakwach","2.4619","31.4983","Uganda","UG","UGA","Pakwach","admin","28700","1800204374"
"Katima Mulilo","Katima Mulilo","-17.5000","24.2667","Namibia","NA","NAM","Zambezi","admin","28699","1516068788"
"Leonding","Leonding","48.2667","14.2500","Austria","AT","AUT","Oberösterreich","","28698","1040991026"
"Ferdows","Ferdows","34.0192","58.1731","Iran","IR","IRN","Khorāsān-e Jonūbī","minor","28695","1364726731"
"Kınık","Kinik","39.0939","27.3767","Turkey","TR","TUR","İzmir","minor","28694","1792776515"
"Pilar","Pilar","9.8300","124.3300","Philippines","PH","PHL","Bohol","","28693","1608391596"
"Bochnia","Bochnia","49.9833","20.4333","Poland","PL","POL","Małopolskie","minor","28692","1616833825"
"Bang Phongphang","Bang Phongphang","13.6791","100.5291","Thailand","TH","THA","Samut Prakan","","28692","1764502075"
"Murlīganj","Murliganj","25.9000","86.9800","India","IN","IND","Bihār","","28691","1356124802"
"Nauhata","Nauhata","25.9971","86.4887","India","IN","IND","Bihār","","28687","1356847951"
"Navolato","Navolato","24.7656","-107.7019","Mexico","MX","MEX","Sinaloa","minor","28676","1484515879"
"Linden","Linden","6.0000","-58.3000","Guyana","GY","GUY","Upper Demerara-Berbice","admin","28674","1328531190"
"Daphne","Daphne","30.6263","-87.8816","United States","US","USA","Alabama","","28673","1840006178"
"Bridgewater","Bridgewater","41.9728","-70.9749","United States","US","USA","Massachusetts","","28669","1840003199"
"Soissons","Soissons","49.3817","3.3236","France","FR","FRA","Hauts-de-France","minor","28667","1250109043"
"Old Harbour","Old Harbour","17.9333","-77.1167","Jamaica","JM","JAM","Saint Catherine","","28665","1388632984"
"Danville","Danville","40.1426","-87.6111","United States","US","USA","Illinois","","28663","1840007235"
"Oranjestad","Oranjestad","12.5186","-70.0358","Aruba","AW","ABW","","primary","28658","1533513057"
"Santiago","Santiago","9.2700","125.5600","Philippines","PH","PHL","Agusan del Norte","","28657","1608671914"
"Doña Remedios Trinidad","Dona Remedios Trinidad","15.0000","121.0800","Philippines","PH","PHL","Bulacan","","28656","1608246190"
"Saint-Étienne-du-Rouvray","Saint-Etienne-du-Rouvray","49.3786","1.1050","France","FR","FRA","Normandie","","28653","1250043757"
"Nowy Dwór Mazowiecki","Nowy Dwor Mazowiecki","52.4333","20.7167","Poland","PL","POL","Mazowieckie","minor","28651","1616753471"
"Esparza","Esparza","9.9959","-84.6467","Costa Rica","CR","CRI","Puntarenas","","28644","1188812694"
"Shamalgan","Shamalgan","43.3708","76.6236","Kazakhstan","KZ","KAZ","Almaty","","28644","1398379931"
"Esztergom","Esztergom","47.7856","18.7403","Hungary","HU","HUN","Komárom-Esztergom","minor","28642","1348527410"
"Northampton","Northampton","42.3266","-72.6745","United States","US","USA","Massachusetts","","28640","1840000451"
"San Salvador","San Salvador","20.2833","-99.0153","Mexico","MX","MEX","Hidalgo","minor","28637","1484680072"
"Ciudad Ixtepec","Ciudad Ixtepec","16.5628","-95.1000","Mexico","MX","MEX","Oaxaca","","28637","1484662903"
"Pitoa","Pitoa","9.3833","13.5333","Cameroon","CM","CMR","Nord","","28636","1120762308"
"West Springfield","West Springfield","42.1253","-72.6503","United States","US","USA","Massachusetts","","28635","1840031158"
"Oyabe","Oyabe","36.6755","136.8687","Japan","JP","JPN","Toyama","","28634","1392185523"
"Pattāmbi","Pattambi","10.8057","76.1957","India","IN","IND","Kerala","","28632","1356516451"
"Kudymkar","Kudymkar","59.0167","54.6667","Russia","RU","RUS","Permskiy Kray","minor","28630","1643283582"
"Sarny","Sarny","51.3372","26.6058","Ukraine","UA","UKR","Rivnenska Oblast","minor","28626","1804767369"
"Carney","Carney","39.4050","-76.5235","United States","US","USA","Maryland","","28624","1840005678"
"Mondragone","Mondragone","41.1000","13.8833","Italy","IT","ITA","Campania","","28622","1380019528"
"Borba","Borba","-4.3878","-59.5939","Brazil","BR","BRA","Amazonas","minor","28619","1076143096"
"Saito","Saito","32.1086","131.4014","Japan","JP","JPN","Miyazaki","","28618","1392000777"
"Kombissiri","Kombissiri","12.0667","-1.3333","Burkina Faso","BF","BFA","Centre-Sud","minor","28617","1854637161"
"Fenoarivobe","Fenoarivobe","-18.4517","46.5640","Madagascar","MG","MDG","Antananarivo","","28616","1450638055"
"Pawāyan","Pawayan","28.0663","80.1031","India","IN","IND","Uttar Pradesh","","28613","1356763358"
"Manga","Manga","11.6667","-1.0667","Burkina Faso","BF","BFA","Centre-Sud","admin","28612","1854485968"
"Ciudad Sahagun","Ciudad Sahagun","19.7714","-98.5803","Mexico","MX","MEX","Hidalgo","","28609","1484112463"
"Neduvannūr","Neduvannur","10.1167","76.3500","India","IN","IND","Kerala","","28607","1356390513"
"Edayikunnam","Edayikunnam","10.1009","76.3713","India","IN","IND","Kerala","","28607","1356508573"
"Mirzāpur","Mirzapur","24.1029","90.0984","Bangladesh","BD","BGD","Dhaka","","28602","1050315197"
"Bom Jesus","Bom Jesus","-4.4200","-46.7650","Brazil","BR","BRA","Maranhão","minor","28599","1076538984"
"Dieppe","Dieppe","49.9250","1.0750","France","FR","FRA","Normandie","minor","28599","1250006284"
"Tudela","Tudela","8.2472","123.8424","Philippines","PH","PHL","Misamis Occidental","","28599","1608684783"
"Saugus","Saugus","42.4681","-71.0145","United States","US","USA","Massachusetts","","28599","1840053670"
"San Carlos","San Carlos","8.8006","-75.7022","Colombia","CO","COL","Córdoba","minor","28597","1170505254"
"Xizhou","Xizhou","24.1156","120.5350","Taiwan","TW","TWN","Changhua","","28597","1158560698"
"Tracuateua","Tracuateua","-1.0719","-46.8969","Brazil","BR","BRA","Pará","minor","28595","1076920936"
"Laoaoba","Laoaoba","26.8667","105.5167","China","CN","CHN","Guizhou","","28595","1156161916"
"Mampikony","Mampikony","-16.0925","47.6460","Madagascar","MG","MDG","Mahajanga","","28593","1450443116"
"Akkattettar","Akkattettar","10.8167","76.6500","India","IN","IND","Kerala","","28592","1356951077"
"Bethlehem","Bethlehem","31.7049","35.2038","West Bank","XW","XWB","","","28591","1934388150"
"Iúna","Iuna","-20.3458","-41.5358","Brazil","BR","BRA","Espírito Santo","minor","28590","1076149444"
"Rancharia","Rancharia","-22.2289","-50.8928","Brazil","BR","BRA","São Paulo","minor","28588","1076007180"
"Simri Bakhriārpur","Simri Bakhriarpur","25.7216","86.5937","India","IN","IND","Bihār","","28588","1356016795"
"East Niles","East Niles","35.3683","-118.9225","United States","US","USA","California","","28586","1840150304"
"Sottaiyampālaiyam","Sottaiyampalaiyam","11.4053","77.6794","India","IN","IND","Tamil Nādu","","28585","1356168854"
"Aïn Cheggag","Ain Cheggag","33.8833","-5.0333","Morocco","MA","MAR","Fès-Meknès","","28584","1504540865"
"Shangluhu","Shangluhu","23.2538","115.5815","China","CN","CHN","Guangdong","","28581","1156850281"
"Koprivnica","Koprivnica","46.1500","16.8167","Croatia","HR","HRV","Koprivničko-Križevačka Županija","admin","28580","1191924250"
"El Khiyam","El Khiyam","33.3272","35.6111","Lebanon","LB","LBN","Nabatîyé","","28580","1422307255"
"Reinbek","Reinbek","53.5089","10.2483","Germany","DE","DEU","Schleswig-Holstein","","28579","1276939131"
"Vallauris","Vallauris","43.5805","7.0538","France","FR","FRA","Provence-Alpes-Côte d’Azur","","28579","1250016351"
"Zhongtai","Zhongtai","35.0675","107.6130","China","CN","CHN","Gansu","","28578","1156898882"
"Moribabougou","Moribabougou","13.1200","-7.6300","Mali","ML","MLI","Koulikoro","","28574","1466904240"
"Jaciara","Jaciara","-15.9650","-54.9678","Brazil","BR","BRA","Mato Grosso","minor","28569","1076001392"
"Frome","Frome","51.2279","-2.3215","United Kingdom","GB","GBR","Somerset","","28567","1826730210"
"Kiskunfélegyháza","Kiskunfelegyhaza","46.7050","19.8500","Hungary","HU","HUN","Bács-Kiskun","minor","28562","1348638728"
"Temescal Valley","Temescal Valley","33.7581","-117.4677","United States","US","USA","California","","28560","1840043023"
"Blackrock","Blackrock","53.3015","-6.1778","Ireland","IE","IRL","Dún Laoghaire-Rathdown","","28557","1372203613"
"Yongxiu","Yongxiu","19.8941","110.2643","China","CN","CHN","Hainan","","28556","1156333540"
"Sabra","Sabra","34.8333","-1.5333","Algeria","DZ","DZA","Tlemcen","","28555","1012379084"
"Mouzaïa","Mouzaia","36.4667","2.6833","Algeria","DZ","DZA","Tipaza","","28552","1012765520"
"El Copey","El Copey","10.1500","-73.9667","Colombia","CO","COL","Cesar","minor","28550","1170203188"
"Pápa","Papa","47.3237","17.4680","Hungary","HU","HUN","Veszprém","minor","28549","1348169908"
"Dobryanka","Dobryanka","58.4667","56.4167","Russia","RU","RUS","Permskiy Kray","minor","28545","1643202553"
"Plaine du Nord","Plaine du Nord","19.6771","-72.2697","Haiti","HT","HTI","Nord","","28544","1332818460"
"Baradero","Baradero","-33.8000","-59.5167","Argentina","AR","ARG","Buenos Aires","minor","28537","1032310302"
"Santo Niño","Santo Nino","17.8861","121.5691","Philippines","PH","PHL","Cagayan","","28537","1608449787"
"Rūdehen","Rudehen","35.7356","51.9072","Iran","IR","IRN","Tehrān","","28533","1364001385"
"Basay","Basay","9.4200","122.6300","Philippines","PH","PHL","Negros Oriental","","28531","1608826752"
"Isnos","Isnos","1.9333","-76.2333","Colombia","CO","COL","Huila","minor","28530","1170081298"
"Hattersheim","Hattersheim","50.0722","8.4864","Germany","DE","DEU","Hesse","","28528","1276209175"
"Azángaro","Azangaro","-14.9099","-70.1974","Peru","PE","PER","Puno","","28526","1604000053"
"Bamba","Bamba","17.0350","-1.4050","Mali","ML","MLI","Gao","","28524","1466722054"
"Nivelles","Nivelles","50.5833","4.3167","Belgium","BE","BEL","Wallonia","minor","28521","1056187375"
"Ḩarīr","Harir","36.5517","44.3516","Iraq","IQ","IRQ","Arbīl","","28518","1368699269"
"Zarechnyy","Zarechnyy","56.8167","61.3333","Russia","RU","RUS","Sverdlovskaya Oblast’","minor","28517","1643142776"
"La Asunción","La Asuncion","11.0333","-63.8628","Venezuela","VE","VEN","Nueva Esparta","admin","28513","1862490314"
"Pervomaiskyi","Pervomaiskyi","49.3869","36.2142","Ukraine","UA","UKR","Kharkivska Oblast","","28510","1804863173"
"Agawam","Agawam","42.0657","-72.6526","United States","US","USA","Massachusetts","","28510","1840031157"
"Martorell","Martorell","41.4770","1.9280","Spain","ES","ESP","Catalonia","","28507","1724754042"
"Vanves","Vanves","48.8208","2.2897","France","FR","FRA","Île-de-France","","28507","1250321790"
"Bāgha Purāna","Bagha Purana","30.6881","75.0984","India","IN","IND","Punjab","","28506","1356036328"
"Reda","Reda","54.6167","18.3500","Poland","PL","POL","Pomorskie","","28506","1616665081"
"Losal","Losal","27.4000","74.9200","India","IN","IND","Rājasthān","","28504","1356031120"
"Dubăsari","Dubasari","47.2667","29.1667","Moldova","MD","MDA","Stînga Nistrului","","28500","1498583082"
"Ambatolampy","Ambatolampy","-19.3796","47.4335","Madagascar","MG","MDG","Antananarivo","","28500","1450037305"
"Bin-Houyé","Bin-Houye","6.7825","-8.3163","Côte d’Ivoire","CI","CIV","Montagnes","","28499","1384806115"
"Longaví","Longavi","-35.9667","-71.6833","Chile","CL","CHL","Maule","","28499","1152122275"
"Rajpur","Rajpur","22.3053","74.3525","India","IN","IND","Madhya Pradesh","","28498","1356223466"
"Almazora","Almazora","39.9403","-0.0625","Spain","ES","ESP","Valencia","","28497","1724564412"
"Heerenveen","Heerenveen","52.9500","5.9333","Netherlands","NL","NLD","Fryslân","minor","28497","1528356043"
"Pārdi","Pardi","20.5200","72.9500","India","IN","IND","Gujarāt","","28495","1356060001"
"Cajati","Cajati","-24.7361","-48.1228","Brazil","BR","BRA","São Paulo","minor","28494","1076157800"
"Matsubushi","Matsubushi","35.9258","139.8152","Japan","JP","JPN","Saitama","","28494","1392883192"
"Forest Hills","Forest Hills","42.9577","-85.4895","United States","US","USA","Michigan","","28494","1840004304"
"Izu","Izu","34.9765","138.9468","Japan","JP","JPN","Shizuoka","","28493","1392453323"
"Mendefera","Mendefera","14.8833","38.8167","Eritrea","ER","ERI","Debub","admin","28492","1232751882"
"Frattamaggiore","Frattamaggiore","40.9417","14.2722","Italy","IT","ITA","Campania","","28492","1380074125"
"San Lorenzo de Esmeraldas","San Lorenzo de Esmeraldas","1.2864","-78.8353","Ecuador","EC","ECU","Esmeraldas","","28491","1218156660"
"Sue","Sue","33.5872","130.5072","Japan","JP","JPN","Fukuoka","","28489","1392341153"
"Congleton","Congleton","53.1620","-2.2170","United Kingdom","GB","GBR","Cheshire East","","28488","1826471602"
"Pāvugada","Pavugada","14.1000","77.2800","India","IN","IND","Karnātaka","","28486","1356037404"
"Riihimäki","Riihimaki","60.7333","24.7667","Finland","FI","FIN","Kanta-Häme","minor","28483","1246263977"
"Ilave","Ilave","-16.0836","-69.6383","Peru","PE","PER","Puno","","28483","1604815838"
"Condega","Condega","13.3500","-86.4000","Nicaragua","NI","NIC","Estelí","minor","28481","1558543389"
"Milton","Milton","42.2412","-71.0844","United States","US","USA","Massachusetts","","28481","1840053675"
"Sueca","Sueca","39.2000","-0.3114","Spain","ES","ESP","Valencia","","28480","1724472560"
"Laplace","Laplace","30.0731","-90.4758","United States","US","USA","Louisiana","","28480","1840013968"
"Nenmem","Nenmem","11.6333","76.2611","India","IN","IND","Kerala","","28476","1356071927"
"Elanjivaliseri","Elanjivaliseri","8.9500","76.6667","India","IN","IND","Kerala","","28473","1356163430"
"Grand-Lahou","Grand-Lahou","5.1333","-5.0167","Côte d’Ivoire","CI","CIV","Lagunes","minor","28470","1384711432"
"Venezuela","Venezuela","21.7375","-78.7934","Cuba","CU","CUB","Ciego de Ávila","minor","28470","1192477567"
"Puerto Leguízamo","Puerto Leguizamo","-0.1939","-74.7806","Colombia","CO","COL","Putumayo","minor","28468","1170882938"
"Kevelaer","Kevelaer","51.5833","6.2500","Germany","DE","DEU","North Rhine-Westphalia","","28466","1276753170"
"Zhailuo","Zhailuo","26.8833","105.2833","China","CN","CHN","Guizhou","","28463","1156122398"
"Tsushima","Tsushima","34.2000","129.2833","Japan","JP","JPN","Nagasaki","","28456","1392003427"
"Verden","Verden","52.9233","9.2350","Germany","DE","DEU","Lower Saxony","minor","28453","1276613119"
"Wood Green","Wood Green","51.5981","-0.1149","United Kingdom","GB","GBR","Haringey","","28453","1826902664"
"Frankfort","Frankfort","38.1924","-84.8643","United States","US","USA","Kentucky","admin","28452","1840013210"
"Monchegorsk","Monchegorsk","67.9333","32.9167","Russia","RU","RUS","Murmanskaya Oblast’","","28450","1643634027"
"Spring","Spring","40.3038","-76.0262","United States","US","USA","Pennsylvania","","28449","1840142060"
"Selargius","Selargius","39.2537","9.1606","Italy","IT","ITA","Sardegna","","28447","1380323668"
"Mpika","Mpika","-11.8300","31.4600","Zambia","ZM","ZMB","Muchinga","","28445","1894224372"
"Szentendre","Szentendre","47.6733","19.0725","Hungary","HU","HUN","Pest","minor","28444","1348281649"
"Coyaima","Coyaima","3.8333","-75.0833","Colombia","CO","COL","Tolima","minor","28443","1170700858"
"Siraha","Siraha","26.6528","86.2069","Nepal","NP","NPL","","","28442","1524369856"
"Kandalaksha","Kandalaksha","67.1569","32.4117","Russia","RU","RUS","Murmanskaya Oblast’","minor","28438","1643555433"
"Goio-Erê","Goio-Ere","-24.1850","-53.0278","Brazil","BR","BRA","Paraná","minor","28437","1076469014"
"Tha Yang","Tha Yang","12.9723","99.8827","Thailand","TH","THA","Phetchaburi","minor","28437","1764170056"
"Castel Volturno","Castel Volturno","41.0500","13.9167","Italy","IT","ITA","Campania","","28436","1380523837"
"Kumru","Kumru","40.8744","37.2639","Turkey","TR","TUR","Ordu","minor","28436","1792891038"
"Ouled Ben Abd el Kader","Ouled Ben Abd el Kader","36.0258","1.2764","Algeria","DZ","DZA","Chlef","","28430","1012953542"
"Bonito Oriental","Bonito Oriental","15.7476","-85.7314","Honduras","HN","HND","Colón","","28427","1340343332"
"Baishaling","Baishaling","24.0950","113.7592","China","CN","CHN","Guangdong","","28419","1156761418"
"Bushey","Bushey","51.6429","-0.3604","United Kingdom","GB","GBR","Hertfordshire","","28416","1826690246"
"Lansing","Lansing","41.5648","-87.5462","United States","US","USA","Illinois","","28415","1840011257"
"Saint Bernard","Saint Bernard","10.2800","125.1300","Philippines","PH","PHL","Southern Leyte","","28414","1608368658"
"Madison Heights","Madison Heights","42.5073","-83.1034","United States","US","USA","Michigan","","28411","1840002449"
"Harūr","Harur","12.0510","78.4827","India","IN","IND","Tamil Nādu","","28410","1356466320"
